{
    "center0": {
        "RGB": [
            0.8515627980232239,
            0.8846258521080017,
            0.9110782146453857
        ],
        "HLS": [
            206.66774153709412,
            0.8813204765319824,
            0.2507400387321256
        ]
    },
    "center1": {
        "RGB": [
            0.35960447788238525,
            0.3672119081020355,
            0.3538578152656555
        ],
        "HLS": [
            94.1802191734314,
            0.3605348467826843,
            0.01851983740925789
        ]
    },
    "center2": {
        "RGB": [
            0.20906175673007965,
            0.2161942422389984,
            0.18752910196781158
        ],
        "HLS": [
            74.92925316095352,
            0.2018616795539856,
            0.07100193947553635
        ]
    },
    "center3": {
        "RGB": [
            0.3002763092517853,
            0.35839328169822693,
            0.17540696263313293
        ],
        "HLS": [
            79.05616879463196,
            0.26690012216567993,
            0.34279924631118774
        ]
    },
    "center4": {
        "RGB": [
            0.5429335236549377,
            0.4340991675853729,
            0.3419859707355499
        ],
        "HLS": [
            27.50365376472473,
            0.44245976209640503,
            0.22708003222942352
        ]
    },
    "center5": {
        "RGB": [
            0.3997562825679779,
            0.4051347076892853,
            0.39621251821517944
        ],
        "HLS": [
            96.16886973381042,
            0.40067362785339355,
            0.01113398652523756
        ]
    },
    "center6": {
        "RGB": [
            0.3532803952693939,
            0.40565037727355957,
            0.4497237503528595
        ],
        "HLS": [
            207.41922855377197,
            0.4015020728111267,
            0.12010318785905838
        ]
    },
    "center7": {
        "RGB": [
            0.16888713836669922,
            0.16975410282611847,
            0.13045918941497803
        ],
        "HLS": [
            61.32378123700619,
            0.15010663866996765,
            0.13088999688625336
        ]
    },
    "center8": {
        "RGB": [
            0.7079069018363953,
            0.620561420917511,
            0.4258555471897125
        ],
        "HLS": [
            41.41923666000366,
            0.5668812394142151,
            0.32560509993288406
        ]
    },
    "center9": {
        "RGB": [
            0.14910748600959778,
            0.18613024055957794,
            0.20776677131652832
        ],
        "HLS": [
            202.13105499744415,
            0.17843712866306305,
            0.1643696129322052
        ]
    },
    "center10": {
        "RGB": [
            0.7904322147369385,
            0.8272603750228882,
            0.8591480851173401
        ],
        "HLS": [
            207.8430962562561,
            0.8247901201248169,
            0.1960958777819886
        ]
    },
    "center11": {
        "RGB": [
            0.5901933908462524,
            0.6075249910354614,
            0.6128886938095093
        ],
        "HLS": [
            194.1801220178604,
            0.6015410423278809,
            0.028478846473734158
        ]
    },
    "center12": {
        "RGB": [
            0.6259844303131104,
            0.7452688813209534,
            0.8972905278205872
        ],
        "HLS": [
            213.61995577812195,
            0.7616374492645264,
            0.5691038644081359
        ]
    },
    "center13": {
        "RGB": [
            0.41939109563827515,
            0.3806562125682831,
            0.3172682821750641
        ],
        "HLS": [
            37.24217891693115,
            0.3683297038078308,
            0.13862961530685425
        ]
    },
    "center14": {
        "RGB": [
            0.1949649453163147,
            0.23814179003238678,
            0.10791368782520294
        ],
        "HLS": [
            79.89286959171295,
            0.17302773892879486,
            0.3763214647769928
        ]
    },
    "center15": {
        "RGB": [
            0.5238040089607239,
            0.5508310794830322,
            0.5685205459594727
        ],
        "HLS": [
            203.73546838760376,
            0.5461622476577759,
            0.0492648934205781
        ]
    },
    "center16": {
        "RGB": [
            0.5030715465545654,
            0.4791712760925293,
            0.4139363467693329
        ],
        "HLS": [
            43.911895751953125,
            0.45850396156311035,
            0.09720221161842346
        ]
    },
    "center17": {
        "RGB": [
            0.5732102394104004,
            0.5334039926528931,
            0.44113022089004517
        ],
        "HLS": [
            41.91721200942993,
            0.5071702003479004,
            0.134001655960733
        ]
    },
    "center18": {
        "RGB": [
            0.48069140315055847,
            0.547625720500946,
            0.277814120054245
        ],
        "HLS": [
            74.88467931747437,
            0.4127199053764343,
            0.3268701136112213
        ]
    },
    "center19": {
        "RGB": [
            0.41586363315582275,
            0.45200997591018677,
            0.480044424533844
        ],
        "HLS": [
            206.20826125144958,
            0.4479540288448334,
            0.07163769751787186
        ]
    },
    "center20": {
        "RGB": [
            0.9104999899864197,
            0.9369083642959595,
            0.9521854519844055
        ],
        "HLS": [
            201.98908746242523,
            0.9313427209854126,
            0.3035764204195236
        ]
    },
    "center21": {
        "RGB": [
            0.08574285358190536,
            0.11711838841438293,
            0.024250876158475876
        ],
        "HLS": [
            80.27115941047668,
            0.07068463414907455,
            0.6569144129753113
        ]
    },
    "center22": {
        "RGB": [
            0.12247087061405182,
            0.1329883337020874,
            0.08532635867595673
        ],
        "HLS": [
            73.24006766080856,
            0.10915734618902206,
            0.21831776201725006
        ]
    },
    "center23": {
        "RGB": [
            0.6574491858482361,
            0.29290077090263367,
            0.23022212088108063
        ],
        "HLS": [
            8.802623748779297,
            0.44383564591407776,
            0.48128974437713623
        ]
    },
    "center24": {
        "RGB": [
            0.3546043336391449,
            0.5062779784202576,
            0.6510407328605652
        ],
        "HLS": [
            209.3006032705307,
            0.5028225183486938,
            0.2981192935738439
        ]
    },
    "center25": {
        "RGB": [
            0.47364649176597595,
            0.47297507524490356,
            0.45855653285980225
        ],
        "HLS": [
            57.33034372329712,
            0.4661015272140503,
            0.01618741638958454
        ]
    },
    "center26": {
        "RGB": [
            0.36945074796676636,
            0.40993717312812805,
            0.24824795126914978
        ],
        "HLS": [
            75.02379298210144,
            0.3290925621986389,
            0.24565918743610382
        ]
    },
    "center27": {
        "RGB": [
            0.4453025758266449,
            0.44184285402297974,
            0.36141958832740784
        ],
        "HLS": [
            57.52532243728638,
            0.40336108207702637,
            0.10398001968860626
        ]
    },
    "center28": {
        "RGB": [
            0.6700913906097412,
            0.690265417098999,
            0.6988735795021057
        ],
        "HLS": [
            197.94476866722107,
            0.6844824552536011,
            0.045611075155105145
        ]
    },