{
    "center0": [
        0.8584242224693298,
        0.8814680695533752,
        0.8957814455032349,
        "#dbe1e4"
    ],
    "center1": [
        0.36557820439338684,
        0.3695884943008423,
        0.3511644542217255,
        "#5d5e5a"
    ],
    "center2": [
        0.18895569443702698,
        0.19520347192883492,
        0.15700801461935043,
        "#303228"
    ],
    "center3": [
        0.3051430682341258,
        0.35030171275138855,
        0.1899208426475525,
        "#4e5930"
    ],
    "center4": [
        0.5429335236549377,
        0.4340991675853729,
        0.3419859707355499,
        "#8a6f57"
    ],
    "center5": [
        0.3474324941635132,
        0.40202293793360394,
        0.4475329518318176,
        "#596772"
    ],
    "center6": [
        0.7079069018363953,
        0.620561420917511,
        0.4258555471897125,
        "#b59e6d"
    ],
    "center7": [
        0.1603770280877749,
        0.1940569281578064,
        0.21602262556552887,
        "#293137"
    ],
    "center8": [
        0.5997836589813232,
        0.6022773881753286,
        0.5889700551827749,
        "#999a96"
    ],
    "center9": [
        0.6259844303131104,
        0.7452688813209534,
        0.8972905278205872,
        "#a0bee5"
    ],
    "center10": [
        0.43234683573246,
        0.4112495332956314,
        0.33934393525123596,
        "#6e6957"
    ],
    "center11": [
        0.17113036662340164,
        0.21695918589830399,
        0.08142570219933987,
        "#2c3715"
    ],
    "center12": [
        0.5163903906941414,
        0.4980770945549011,
        0.44849222898483276,
        "#847f72"
    ],
    "center13": [
        0.48069140315055847,
        0.547625720500946,
        0.277814120054245,
        "#7b8c47"
    ],
    "center14": [
        0.08574285358190536,
        0.11711838841438293,
        0.024250876158475876,
        "#161e06"
    ],
    "center15": [
        0.6574491858482361,
        0.29290077090263367,
        0.23022212088108063,
        "#a84b3b"
    ],
    "center16": [
        0.3546043336391449,
        0.5062779784202576,
        0.6510407328605652,
        "#5a81a6"
    ],
    "center17": [
        0.4669225811958313,
        0.6267368793487549,
        0.8450624346733093,
        "#77a0d7"
    ],
    "center18": [
        0.4014396667480469,
        0.21641798317432404,
        0.1693691462278366,
        "#66372b"
    ],
    "center19": [
        0.047991784289479256,
        0.059009088203310966,
        0.0441179508343339,
        "#0c0f0b"
    ],
    "center20": [
        0.750737190246582,
        0.7107723355293274,
        0.6388461589813232,
        "#bfb5a3"
    ],
    "center21": [
        0.4728306233882904,
        0.499858558177948,
        0.5185076594352722,
        "#797f84"
    ]
}